2781,q1
2781,q2
2781,q3
2781,q4
2781,q5
2781,q6
2781,q7
2781,q8
2781,q9
2781,q11
2781,q12
2781,q13
2781,q14
2781,q15
2781,q16
2781,q17
2781,q18
5312,q1
5312,q2
5312,q3
5312,q4
5312,q5
5312,q6
5312,q7
5312,q8
5312,q9
5312,q10
5312,q13
5312,q14
5312,q15
5312,q16
5312,q17
5312,q18
3512,q1
3512,q2
3512,q3
3512,q4
3512,q5
3512,q6
3512,q7
3512,q8
3512,q9
3512,q10
3512,q11
3512,q12
3512,q13
3512,q14
3512,q15
3512,q16
3512,q17
3512,q18
1620,q1
1620,q2
1620,q3
1620,q4
1620,q5
1620,q6
1620,q7
1620,q8
1620,q9
1620,q11
1620,q12
1620,q13
1620,q14
1620,q15
1620,q16
1620,q17
1620,q18
1672,q1
1672,q2
1672,q3
1672,q4
1672,q5
1672,q6
1672,q7
1672,q8
1672,q9
1672,q11
1672,q12
1672,q13
1672,q14
1672,q15
1672,q16
1672,q17
1672,q18
1621,q1
1621,q2
1621,q3
1621,q4
1621,q5
1621,q6
1621,q7
1621,q8
1621,q9
1621,q11
1621,q12
1621,q13
1621,q14
1621,q15
1621,q16
1621,q17
1621,q18
3510,q1
3510,q2
3510,q3
3510,q4
3510,q5
3510,q6
3510,q7
3510,q8
3510,q9
3510,q10
3510,q11
3510,q12
3510,q13
3510,q14
3510,q15
3510,q16
3510,q17
3510,q18
3511,q1
3511,q2
3511,q3
3511,q4
3511,q5
3511,q6
3511,q7
3511,q8
3511,q9
3511,q10
3511,q11
3511,q12
3511,q13
3511,q14
3511,q15
3511,q16
3511,q17
3511,q18
1971,q1
1971,q2
1971,q3
1971,q4
1971,q5
1971,q6
1971,q7
1971,q8
1971,q9
1971,q10
1971,q11
1971,q12
1971,q13
1971,q14
1971,q15
1971,q16
1971,q17
1971,q18
3465,q1
3465,q2
3465,q3
3465,q4
3465,q5
3465,q6
3465,q7
3465,q8
3465,q9
3465,q10
3465,q11
3465,q12
3465,q13
3465,q14
3465,q15
3465,q16
3465,q17
3465,q18
3471,q1
3471,q2
3471,q3
3471,q4
3471,q5
3471,q6
3471,q7
3471,q8
3471,q9
3471,q10
3471,q11
3471,q12
3471,q13
3471,q14
3471,q15
3471,q16
3471,q17
3471,q18
3514,q1
3514,q2
3514,q3
3514,q4
3514,q5
3514,q6
3514,q7
3514,q8
3514,q9
3514,q10
3514,q11
3514,q12
3514,q13
3514,q14
3514,q15
3514,q16
3514,q17
3514,q18
3513,q1
3513,q2
3513,q3
3513,q4
3513,q5
3513,q6
3513,q7
3513,q8
3513,q9
3513,q10
3513,q11
3513,q12
3513,q13
3513,q14
3513,q15
3513,q16
3513,q17
3513,q18
5017,q1
5017,q2
5017,q3
5017,q4
5017,q5
5017,q6
5017,q7
5017,q10
5017,q13
5017,q14
5017,q15
5017,q16
5017,q17
5017,q18
5037,q1
5037,q2
5037,q3
5037,q4
5037,q5
5037,q6
5037,q7
5037,q10
5037,q13
5037,q14
5037,q15
5037,q16
5037,q17
5037,q18
1981,q1
1981,q2
1981,q3
1981,q4
1981,q5
1981,q6
1981,q7
1981,q8
1981,q9
1981,q10
1981,q11
1981,q12
1981,q13
1981,q14
1981,q15
1981,q16
1981,q17
1981,q18
3461,q1
3461,q2
3461,q3
3461,q4
3461,q5
3461,q6
3461,q7
3461,q8
3461,q9
3461,q10
3461,q11
3461,q12
3461,q13
3461,q14
3461,q15
3461,q16
3461,q17
3461,q18
3457,q1
3457,q2
3457,q3
3457,q4
3457,q5
3457,q6
3457,q7
3457,q8
3457,q9
3457,q10
3457,q11
3457,q12
3457,q13
3457,q14
3457,q15
3457,q16
3457,q17
3457,q18
1859,q1
1859,q2
1859,q3
1859,q4
1859,q5
1859,q6
1859,q7
1859,q8
1859,q9
1859,q10
1859,q13
1859,q14
1859,q15
1859,q16
1859,q17
1859,q18
1855,q1
1855,q2
1855,q3
1855,q4
1855,q5
1855,q6
1855,q7
1855,q8
1855,q9
1855,q10
1855,q11
1855,q12
1855,q13
1855,q14
1855,q15
1855,q16
1855,q17
1855,q18
1932,q1
1932,q2
1932,q3
1932,q4
1932,q5
1932,q6
1932,q7
1932,q8
1932,q9
1932,q10
1932,q11
1932,q12
1932,q13
1932,q14
1932,q15
1932,q16
1932,q17
1932,q18
1913,q1
1913,q2
1913,q3
1913,q4
1913,q5
1913,q6
1913,q7
1913,q8
1913,q9
1913,q10
1913,q11
1913,q12
1913,q13
1913,q14
1913,q15
1913,q16
1913,q17
1913,q18